frame,time,predictor,target,n,pearson,spearman
0,0.0,abs_displacement_drift_grid_points,terminal_eta_raw,32,,
0,0.0,abs_displacement_drift_grid_points,terminal_eta_shape,32,,
0,0.0,abs_displacement_drift_grid_points,terminal_eta_translation,32,,
0,0.0,eta_raw,terminal_eta_raw,32,,
0,0.0,eta_raw,terminal_eta_shape,32,,
0,0.0,eta_raw,terminal_eta_translation,32,,
0,0.0,eta_aligned,terminal_eta_raw,32,0.17461975238635674,0.26832844574780057
0,0.0,eta_aligned,terminal_eta_shape,32,-0.011948282221028006,-0.044721407624633426
0,0.0,eta_aligned,terminal_eta_translation,32,0.1876462504950344,0.3049853372434017
0,0.0,eta_translation,terminal_eta_raw,32,,
0,0.0,eta_translation,terminal_eta_shape,32,,
0,0.0,eta_translation,terminal_eta_translation,32,,
0,0.0,q_raw,terminal_eta_raw,32,0.471072164875742,0.3995601173020528
0,0.0,q_raw,terminal_eta_shape,32,0.08256504716808899,0.5568181818181818
0,0.0,q_raw,terminal_eta_translation,32,0.5149561806409075,0.3647360703812316
0,0.0,q_aligned,terminal_eta_raw,32,0.4710721648757431,0.3995601173020528
0,0.0,q_aligned,terminal_eta_shape,32,0.08256504716809057,0.5568181818181818
0,0.0,q_aligned,terminal_eta_translation,32,0.5149561806409084,0.3647360703812316
0,0.0,q_translation,terminal_eta_raw,32,-0.08499232195762657,0.07868214913314205
0,0.0,q_translation,terminal_eta_shape,32,-0.1907581107590825,-0.13132835597405218
0,0.0,q_translation,terminal_eta_translation,32,-0.05976209303699702,0.10950411022909305
0,0.0,xi_raw,terminal_eta_raw,32,,
0,0.0,xi_raw,terminal_eta_shape,32,,
0,0.0,xi_raw,terminal_eta_translation,32,,
0,0.0,xi_aligned,terminal_eta_raw,32,-0.010799898955287365,0.09787390029325513
0,0.0,xi_aligned,terminal_eta_shape,32,0.08797973812322049,0.1224340175953079
0,0.0,xi_aligned,terminal_eta_translation,32,-0.02061874609947925,0.12096774193548386
0,0.0,xi_translation,terminal_eta_raw,32,,
0,0.0,xi_translation,terminal_eta_shape,32,,
0,0.0,xi_translation,terminal_eta_translation,32,,
0,0.0,abs_alignment_velocity_identity,terminal_eta_raw,32,0.5526236378439175,0.2551319648093841
0,0.0,abs_alignment_velocity_identity,terminal_eta_shape,32,0.4520362096933243,0.25329912023460405
0,0.0,abs_alignment_velocity_identity,terminal_eta_translation,32,0.5579033421750577,0.2595307917888563
0,0.0,abs_alignment_velocity_direct,terminal_eta_raw,32,0.5526236378439788,0.2551319648093841
0,0.0,abs_alignment_velocity_direct,terminal_eta_shape,32,0.4520362096934184,0.25329912023460405
0,0.0,abs_alignment_velocity_direct,terminal_eta_translation,32,0.5579033421751081,0.2595307917888563
0,0.0,abs_alignment_velocity_geometry,terminal_eta_raw,32,-0.22448840391368513,-0.33687683284457476
0,0.0,abs_alignment_velocity_geometry,terminal_eta_shape,32,-0.18400566357812573,-0.4230205278592375
0,0.0,abs_alignment_velocity_geometry,terminal_eta_translation,32,-0.22229908758516131,-0.2631964809384164
25,20.0,abs_displacement_drift_grid_points,terminal_eta_raw,32,0.7909116012352801,0.4127565982404692
25,20.0,abs_displacement_drift_grid_points,terminal_eta_shape,32,0.5081519766791521,0.1719208211143695
25,20.0,abs_displacement_drift_grid_points,terminal_eta_translation,32,0.8104846890034185,0.4241202346041055
25,20.0,eta_raw,terminal_eta_raw,32,0.813111663760334,0.8357771260997067
25,20.0,eta_raw,terminal_eta_shape,32,0.44726868347186904,0.6803519061583577
25,20.0,eta_raw,terminal_eta_translation,32,0.8407085627105784,0.8016862170087976
25,20.0,eta_aligned,terminal_eta_raw,32,0.6934007997295293,0.7609970674486802
25,20.0,eta_aligned,terminal_eta_shape,32,0.4899613091723763,0.7448680351906158
25,20.0,eta_aligned,terminal_eta_translation,32,0.6976915649365478,0.7148093841642228
25,20.0,eta_translation,terminal_eta_raw,32,0.8172897091499304,0.7276392961876832
25,20.0,eta_translation,terminal_eta_shape,32,0.4182054324856906,0.504032258064516
25,20.0,eta_translation,terminal_eta_translation,32,0.8510599374651122,0.7016129032258064
25,20.0,q_raw,terminal_eta_raw,32,0.8193368791518487,0.7705278592375364
25,20.0,q_raw,terminal_eta_shape,32,0.46654593802185623,0.7111436950146627
25,20.0,q_raw,terminal_eta_translation,32,0.8450426077333406,0.7122434017595306
25,20.0,q_aligned,terminal_eta_raw,32,0.5764788914104388,0.4761730205278592
25,20.0,q_aligned,terminal_eta_shape,32,0.323638155739109,0.7247067448680351
25,20.0,q_aligned,terminal_eta_translation,32,0.5922085391781644,0.4017595307917888
25,20.0,q_translation,terminal_eta_raw,32,0.8481780998624363,0.7172717753989662
25,20.0,q_translation,terminal_eta_shape,32,0.48057649138229186,0.4829483273008377
25,20.0,q_translation,terminal_eta_translation,32,0.8760312288712169,0.6938027602529878
25,20.0,xi_raw,terminal_eta_raw,32,0.7959990128914072,0.6048387096774194
25,20.0,xi_raw,terminal_eta_shape,32,0.48716773479709874,0.47800586510263926
25,20.0,xi_raw,terminal_eta_translation,32,0.8205026994001581,0.5795454545454545
25,20.0,xi_aligned,terminal_eta_raw,32,0.7032672229411601,0.565982404692082
25,20.0,xi_aligned,terminal_eta_shape,32,0.4288073105161439,0.4754398826979472
25,20.0,xi_aligned,terminal_eta_translation,32,0.7265092705738536,0.5340909090909091
25,20.0,xi_translation,terminal_eta_raw,32,0.8430712193942325,0.4269515949916879
25,20.0,xi_translation,terminal_eta_shape,32,0.5249233011972217,0.5511829092223981
25,20.0,xi_translation,terminal_eta_translation,32,0.8648224020761023,0.39065509655681174
25,20.0,abs_alignment_velocity_identity,terminal_eta_raw,32,0.6554467608445255,0.12536656891495598
25,20.0,abs_alignment_velocity_identity,terminal_eta_shape,32,0.6302285085577197,0.10117302052785922
25,20.0,abs_alignment_velocity_identity,terminal_eta_translation,32,0.6400090441329143,0.10813782991202345
25,20.0,abs_alignment_velocity_direct,terminal_eta_raw,32,0.3910503854418238,0.41239002932551316
25,20.0,abs_alignment_velocity_direct,terminal_eta_shape,32,0.1462412272325286,0.14516129032258063
25,20.0,abs_alignment_velocity_direct,terminal_eta_translation,32,0.4154052908751559,0.4259530791788856
25,20.0,abs_alignment_velocity_geometry,terminal_eta_raw,32,0.3114318232327389,0.3673020527859237
25,20.0,abs_alignment_velocity_geometry,terminal_eta_shape,32,0.037905391100158656,0.1063049853372434
25,20.0,abs_alignment_velocity_geometry,terminal_eta_translation,32,0.3427790704406274,0.3885630498533724
50,40.0,abs_displacement_drift_grid_points,terminal_eta_raw,32,0.49854437194240825,0.3647360703812316
50,40.0,abs_displacement_drift_grid_points,terminal_eta_shape,32,0.19700039672497896,0.3317448680351906
50,40.0,abs_displacement_drift_grid_points,terminal_eta_translation,32,0.5276201489167617,0.3706011730205278
50,40.0,eta_raw,terminal_eta_raw,32,0.780537666008412,0.748900293255132
50,40.0,eta_raw,terminal_eta_shape,32,0.3536346831193668,0.7173753665689149
50,40.0,eta_raw,terminal_eta_translation,32,0.8166047501776418,0.6931818181818181
50,40.0,eta_aligned,terminal_eta_raw,32,0.7626394500184208,0.689516129032258
50,40.0,eta_aligned,terminal_eta_shape,32,0.749606216973417,0.8280791788856304
50,40.0,eta_aligned,terminal_eta_translation,32,0.7314471829916753,0.6088709677419355
50,40.0,eta_translation,terminal_eta_raw,32,0.750965435428696,0.6675219941348973
50,40.0,eta_translation,terminal_eta_shape,32,0.29101984032421185,0.6033724340175952
50,40.0,eta_translation,terminal_eta_translation,32,0.7944377886155576,0.6422287390029325
50,40.0,q_raw,terminal_eta_raw,32,0.755207671003368,0.6392961876832844
50,40.0,q_raw,terminal_eta_shape,32,0.33005487438347225,0.6983137829912023
50,40.0,q_raw,terminal_eta_translation,32,0.7915401030306505,0.5835777126099706
50,40.0,q_aligned,terminal_eta_raw,32,0.6374562116319249,0.4541788856304985
50,40.0,q_aligned,terminal_eta_shape,32,0.6075859964896526,0.7969208211143693
50,40.0,q_aligned,terminal_eta_translation,32,0.6127110747784255,0.3570381231671554
50,40.0,q_translation,terminal_eta_raw,32,0.7437658678537796,0.6807808662081383
50,40.0,q_translation,terminal_eta_shape,32,0.28642834252063365,0.6168087277303137
50,40.0,q_translation,terminal_eta_translation,32,0.7866761411867718,0.6565851003655228
50,40.0,xi_raw,terminal_eta_raw,32,0.6607123363496876,0.6066715542521993
50,40.0,xi_raw,terminal_eta_shape,32,0.22489450405336908,0.5403225806451613
50,40.0,xi_raw,terminal_eta_translation,32,0.7056735599055397,0.56341642228739
50,40.0,xi_aligned,terminal_eta_raw,32,0.5831556199512222,0.5172287390029325
50,40.0,xi_aligned,terminal_eta_shape,32,0.264654287082978,0.44024926686217003
50,40.0,xi_aligned,terminal_eta_translation,32,0.6145449057267658,0.48057184750733134
50,40.0,xi_translation,terminal_eta_raw,32,0.6617910737339185,0.4612063099798389
50,40.0,xi_translation,terminal_eta_shape,32,0.20764493064591372,0.5905599764188979
50,40.0,xi_translation,terminal_eta_translation,32,0.7073223359666905,0.40257838921968986
50,40.0,abs_alignment_velocity_identity,terminal_eta_raw,32,0.03474307305858022,0.09494134897360704
50,40.0,abs_alignment_velocity_identity,terminal_eta_shape,32,0.029848509831027027,0.11070381231671556
50,40.0,abs_alignment_velocity_identity,terminal_eta_translation,32,0.03541500289186834,0.10923753665689148
50,40.0,abs_alignment_velocity_direct,terminal_eta_raw,32,0.49997192012253333,0.23423753665689148
50,40.0,abs_alignment_velocity_direct,terminal_eta_shape,32,0.5969281926712304,0.1228005865102639
50,40.0,abs_alignment_velocity_direct,terminal_eta_translation,32,0.4686647693015456,0.2441348973607038
50,40.0,abs_alignment_velocity_geometry,terminal_eta_raw,32,0.5447398878277493,0.3024193548387097
50,40.0,abs_alignment_velocity_geometry,terminal_eta_shape,32,0.6301470204979613,0.20197947214076245
50,40.0,abs_alignment_velocity_geometry,terminal_eta_translation,32,0.5136486303667931,0.30645161290322576
100,80.0,abs_displacement_drift_grid_points,terminal_eta_raw,32,0.7322396597404733,0.5300586510263929
100,80.0,abs_displacement_drift_grid_points,terminal_eta_shape,32,0.5628360919312323,0.41239002932551316
100,80.0,abs_displacement_drift_grid_points,terminal_eta_translation,32,0.7348591907701529,0.5117302052785924
100,80.0,eta_raw,terminal_eta_raw,32,0.9780217448385418,0.8240469208211143
100,80.0,eta_raw,terminal_eta_shape,32,0.7316178848125379,0.7565982404692082
100,80.0,eta_raw,terminal_eta_translation,32,0.9816080225051778,0.7690615835777125
100,80.0,eta_aligned,terminal_eta_raw,32,0.8246714289015065,0.7327712609970675
100,80.0,eta_aligned,terminal_eta_shape,32,0.9856655343503927,0.8914956011730205
100,80.0,eta_aligned,terminal_eta_translation,32,0.7693519390162277,0.6429618768328444
100,80.0,eta_translation,terminal_eta_raw,32,0.9596204743500174,0.752932551319648
100,80.0,eta_translation,terminal_eta_shape,32,0.6560944589792833,0.6620234604105572
100,80.0,eta_translation,terminal_eta_translation,32,0.9736190147495101,0.7052785923753665
100,80.0,q_raw,terminal_eta_raw,32,0.9803886389903255,0.7565982404692082
100,80.0,q_raw,terminal_eta_shape,32,0.750153461049932,0.7269061583577713
100,80.0,q_raw,terminal_eta_translation,32,0.9816074551651766,0.6986803519061583
100,80.0,q_aligned,terminal_eta_raw,32,0.8125144197450319,0.5403225806451613
100,80.0,q_aligned,terminal_eta_shape,32,0.9742499774506895,0.873533724340176
100,80.0,q_aligned,terminal_eta_translation,32,0.7554519765376446,0.43841642228739
100,80.0,q_translation,terminal_eta_raw,32,0.9734404305365572,0.6957478005865102
100,80.0,q_translation,terminal_eta_shape,32,0.7112848055203503,0.6165689149560116
100,80.0,q_translation,terminal_eta_translation,32,0.9808262536738567,0.6532258064516129
100,80.0,xi_raw,terminal_eta_raw,32,0.9529400045225447,0.6697214076246334
100,80.0,xi_raw,terminal_eta_shape,32,0.6906737613868478,0.7012463343108504
100,80.0,xi_raw,terminal_eta_translation,32,0.9622019173987724,0.62683284457478
100,80.0,xi_aligned,terminal_eta_raw,32,0.8568356074809363,0.5685483870967741
100,80.0,xi_aligned,terminal_eta_shape,32,0.8390179771800976,0.6598240469208211
100,80.0,xi_aligned,terminal_eta_translation,32,0.8329364139984545,0.5128299120234603
100,80.0,xi_translation,terminal_eta_raw,32,0.9147052773960598,0.6248078683413347
100,80.0,xi_translation,terminal_eta_shape,32,0.5687863323189706,0.6080752267818699
100,80.0,xi_translation,terminal_eta_translation,32,0.9369299517830998,0.5867457056731016
100,80.0,abs_alignment_velocity_identity,terminal_eta_raw,32,0.09297164606879652,0.25549853372434017
100,80.0,abs_alignment_velocity_identity,terminal_eta_shape,32,0.16062311009743827,0.46187683284457465
100,80.0,abs_alignment_velocity_identity,terminal_eta_translation,32,0.08208196073202859,0.17925219941348972
100,80.0,abs_alignment_velocity_direct,terminal_eta_raw,32,0.584770125824594,0.13049853372434017
100,80.0,abs_alignment_velocity_direct,terminal_eta_shape,32,0.7592246953050809,0.2254398826979472
100,80.0,abs_alignment_velocity_direct,terminal_eta_translation,32,0.5374730227054156,0.12023460410557184
100,80.0,abs_alignment_velocity_geometry,terminal_eta_raw,32,0.6583010758549483,0.3324780058651026
100,80.0,abs_alignment_velocity_geometry,terminal_eta_shape,32,0.8252281753778716,0.3632697947214076
100,80.0,abs_alignment_velocity_geometry,terminal_eta_translation,32,0.6097678492054114,0.30645161290322576
150,120.0,abs_displacement_drift_grid_points,terminal_eta_raw,32,0.8863237479605199,0.6143695014662756
150,120.0,abs_displacement_drift_grid_points,terminal_eta_shape,32,0.8058566681422646,0.36217008797653955
150,120.0,abs_displacement_drift_grid_points,terminal_eta_translation,32,0.8718395859620106,0.6044721407624634
150,120.0,eta_raw,terminal_eta_raw,32,0.9905235420456145,0.8980938416422286
150,120.0,eta_raw,terminal_eta_shape,32,0.8470909464434276,0.7467008797653958
150,120.0,eta_raw,terminal_eta_translation,32,0.979100644422806,0.847507331378299
150,120.0,eta_aligned,terminal_eta_raw,32,0.8172028497718405,0.6825513196480938
150,120.0,eta_aligned,terminal_eta_shape,32,0.9938877420015807,0.9530791788856304
150,120.0,eta_aligned,terminal_eta_translation,32,0.7603840918449624,0.5736803519061583
150,120.0,eta_translation,terminal_eta_raw,32,0.9918765228080488,0.8885630498533723
150,120.0,eta_translation,terminal_eta_shape,32,0.8041076545319487,0.6579912023460409
150,120.0,eta_translation,terminal_eta_translation,32,0.9883790751901741,0.8522727272727272
150,120.0,q_raw,terminal_eta_raw,32,0.9911193419538598,0.8720674486803517
150,120.0,q_raw,terminal_eta_shape,32,0.8454970128011736,0.7631964809384163
150,120.0,q_raw,terminal_eta_translation,32,0.9798368839179075,0.811217008797654
150,120.0,q_aligned,terminal_eta_raw,32,0.8102193162282536,0.5744134897360703
150,120.0,q_aligned,terminal_eta_shape,32,0.993450807116025,0.9167888563049852
150,120.0,q_aligned,terminal_eta_translation,32,0.7497727440471714,0.4655425219941349
150,120.0,q_translation,terminal_eta_raw,32,0.9914908376406488,0.8654692082111435
150,120.0,q_translation,terminal_eta_shape,32,0.8199086211580973,0.6352639296187682
150,120.0,q_translation,terminal_eta_translation,32,0.9854233844002258,0.8302785923753665
150,120.0,xi_raw,terminal_eta_raw,32,0.9790050178753157,0.7236070381231671
150,120.0,xi_raw,terminal_eta_shape,32,0.8339118996115376,0.7155425219941348
150,120.0,xi_raw,terminal_eta_translation,32,0.9692139512289915,0.6810850439882697
150,120.0,xi_aligned,terminal_eta_raw,32,0.8664955886128677,0.6000733137829912
150,120.0,xi_aligned,terminal_eta_shape,32,0.9317856562164029,0.7562316715542522
150,120.0,xi_aligned,terminal_eta_translation,32,0.8276862421038378,0.5362903225806451
150,120.0,xi_translation,terminal_eta_raw,32,0.9828301030017437,0.7579506951455713
150,120.0,xi_translation,terminal_eta_shape,32,0.761045230607752,0.5356062711524449
150,120.0,xi_translation,terminal_eta_translation,32,0.9851517875155125,0.7515351511721504
150,120.0,abs_alignment_velocity_identity,terminal_eta_raw,32,0.17548382248821953,0.28665689149560114
150,120.0,abs_alignment_velocity_identity,terminal_eta_shape,32,0.2663627619621675,0.439149560117302
150,120.0,abs_alignment_velocity_identity,terminal_eta_translation,32,0.1587039816404615,0.22653958944281521
150,120.0,abs_alignment_velocity_direct,terminal_eta_raw,32,0.11062246008397815,0.12756598240469205
150,120.0,abs_alignment_velocity_direct,terminal_eta_shape,32,0.1949739357725938,0.1312316715542522
150,120.0,abs_alignment_velocity_direct,terminal_eta_translation,32,0.0935694534250931,0.16055718475073313
150,120.0,abs_alignment_velocity_geometry,terminal_eta_raw,32,0.1779397757585068,0.0909090909090909
150,120.0,abs_alignment_velocity_geometry,terminal_eta_shape,32,0.28828692456436306,0.1279325513196481
150,120.0,abs_alignment_velocity_geometry,terminal_eta_translation,32,0.15440733849627922,0.09054252199413489
200,160.0,abs_displacement_drift_grid_points,terminal_eta_raw,32,0.9118697289201315,0.6348973607038122
200,160.0,abs_displacement_drift_grid_points,terminal_eta_shape,32,0.8605126634694423,0.2694281524926686
200,160.0,abs_displacement_drift_grid_points,terminal_eta_translation,32,0.89248481674107,0.6590909090909091
200,160.0,eta_raw,terminal_eta_raw,32,0.9952030644431282,0.971041055718475
200,160.0,eta_raw,terminal_eta_shape,32,0.8440380593362967,0.7067448680351905
200,160.0,eta_raw,terminal_eta_translation,32,0.9843244710704494,0.939882697947214
200,160.0,eta_aligned,terminal_eta_raw,32,0.8130778274542154,0.6950146627565981
200,160.0,eta_aligned,terminal_eta_shape,32,0.9977765149440596,0.9816715542521994
200,160.0,eta_aligned,terminal_eta_translation,32,0.7541179596025975,0.5909090909090909
200,160.0,eta_translation,terminal_eta_raw,32,0.9960302784056834,0.9552785923753665
200,160.0,eta_translation,terminal_eta_shape,32,0.7959218468260139,0.5681818181818181
200,160.0,eta_translation,terminal_eta_translation,32,0.994099889443078,0.9578445747800585
200,160.0,q_raw,terminal_eta_raw,32,0.9988394807330123,0.9516129032258064
200,160.0,q_raw,terminal_eta_shape,32,0.8057023190517202,0.722507331378299
200,160.0,q_raw,terminal_eta_translation,32,0.9932359814381041,0.9153225806451611
200,160.0,q_aligned,terminal_eta_raw,32,0.797047458857892,0.5960410557184751
200,160.0,q_aligned,terminal_eta_shape,32,0.9941794526833733,0.9369501466275659
200,160.0,q_aligned,terminal_eta_translation,32,0.7318284239776057,0.4908357771260997
200,160.0,q_translation,terminal_eta_raw,32,0.9965993539676195,0.9523460410557184
200,160.0,q_translation,terminal_eta_shape,32,0.7717901182363958,0.6055718475073314
200,160.0,q_translation,terminal_eta_translation,32,0.9976841997484848,0.9435483870967741
200,160.0,xi_raw,terminal_eta_raw,32,0.9751771704432073,0.7675953079178884
200,160.0,xi_raw,terminal_eta_shape,32,0.8674999126869782,0.6983137829912023
200,160.0,xi_raw,terminal_eta_translation,32,0.9595231689314196,0.691715542521994
200,160.0,xi_aligned,terminal_eta_raw,32,0.8539140019536492,0.47397360703812313
200,160.0,xi_aligned,terminal_eta_shape,32,0.9565122223636473,0.7969208211143693
200,160.0,xi_aligned,terminal_eta_translation,32,0.8087750640602037,0.3640029325513196
200,160.0,xi_translation,terminal_eta_raw,32,0.9831031152114333,0.8139794288356624
200,160.0,xi_translation,terminal_eta_shape,32,0.7943920489963472,0.4006605978312118
200,160.0,xi_translation,terminal_eta_translation,32,0.9806904125937168,0.8220513456417856
200,160.0,abs_alignment_velocity_identity,terminal_eta_raw,32,0.004145251732004376,0.2598973607038123
200,160.0,abs_alignment_velocity_identity,terminal_eta_shape,32,0.06802710336303566,0.3896627565982404
200,160.0,abs_alignment_velocity_identity,terminal_eta_translation,32,-0.005955681130723582,0.18658357771260994
200,160.0,abs_alignment_velocity_direct,terminal_eta_raw,32,0.6051006192081868,0.2104105571847507
200,160.0,abs_alignment_velocity_direct,terminal_eta_shape,32,0.7314523018774406,0.20564516129032256
200,160.0,abs_alignment_velocity_direct,terminal_eta_translation,32,0.5721647591214594,0.2107771260997067
200,160.0,abs_alignment_velocity_geometry,terminal_eta_raw,32,0.7021220500643425,0.10410557184750732
200,160.0,abs_alignment_velocity_geometry,terminal_eta_shape,32,0.838309614220602,0.09127565982404691
200,160.0,abs_alignment_velocity_geometry,terminal_eta_translation,32,0.6656050136228098,0.1158357771260997
250,200.0,abs_displacement_drift_grid_points,terminal_eta_raw,32,0.9106969626127794,0.6777859237536656
250,200.0,abs_displacement_drift_grid_points,terminal_eta_shape,32,0.8700643321603407,0.22727272727272727
250,200.0,abs_displacement_drift_grid_points,terminal_eta_translation,32,0.8899175463596383,0.7232404692082111
250,200.0,eta_raw,terminal_eta_raw,32,1.0,1.0
250,200.0,eta_raw,terminal_eta_shape,32,0.8054284378072941,0.6491935483870966
250,200.0,eta_raw,terminal_eta_translation,32,0.9945897446741011,0.9791055718475072
250,200.0,eta_aligned,terminal_eta_raw,32,0.8054284378072941,0.6491935483870966
250,200.0,eta_aligned,terminal_eta_shape,32,0.9999999999999999,1.0
250,200.0,eta_aligned,terminal_eta_translation,32,0.743161033344607,0.5344574780058651
250,200.0,eta_translation,terminal_eta_raw,32,0.9945897446741011,0.9791055718475072
250,200.0,eta_translation,terminal_eta_shape,32,0.743161033344607,0.5344574780058651
250,200.0,eta_translation,terminal_eta_translation,32,1.0,1.0
250,200.0,q_raw,terminal_eta_raw,32,0.9833752165430966,0.9904692082111435
250,200.0,q_raw,terminal_eta_shape,32,0.7056126896561825,0.6645894428152492
250,200.0,q_raw,terminal_eta_translation,32,0.9892269022523887,0.9681085043988268
250,200.0,q_aligned,terminal_eta_raw,32,0.7510847914801069,0.5912756598240468
250,200.0,q_aligned,terminal_eta_shape,32,0.9646001113244884,0.9541788856304986
250,200.0,q_aligned,terminal_eta_translation,32,0.679139342159244,0.4769061583577712
250,200.0,q_translation,terminal_eta_raw,32,0.9751555424966478,0.9835043988269794
250,200.0,q_translation,terminal_eta_shape,32,0.6600898188840221,0.5872434017595308
250,200.0,q_translation,terminal_eta_translation,32,0.9895847873184558,0.9890029325513194
250,200.0,xi_raw,terminal_eta_raw,32,0.9687678261338131,0.8156158357771259
250,200.0,xi_raw,terminal_eta_shape,32,0.8658759020769234,0.69391495601173
250,200.0,xi_raw,terminal_eta_translation,32,0.9532147582615218,0.7679618768328444
250,200.0,xi_aligned,terminal_eta_raw,32,0.8439961254085698,0.4574780058651026
250,200.0,xi_aligned,terminal_eta_shape,32,0.9671281639624405,0.8233137829912023
250,200.0,xi_aligned,terminal_eta_translation,32,0.796938492953853,0.3603372434017595
250,200.0,xi_translation,terminal_eta_raw,32,0.9736818631854549,0.8610194931680842
250,200.0,xi_translation,terminal_eta_shape,32,0.7834165723935886,0.38760545327030027
250,200.0,xi_translation,terminal_eta_translation,32,0.9722099423463588,0.87935466125088
250,200.0,abs_alignment_velocity_identity,terminal_eta_raw,32,-0.0077642483629105224,0.3214809384164222
250,200.0,abs_alignment_velocity_identity,terminal_eta_shape,32,0.04416265060780071,0.27089442815249265
250,200.0,abs_alignment_velocity_identity,terminal_eta_translation,32,-0.012506224491123763,0.3214809384164222
250,200.0,abs_alignment_velocity_direct,terminal_eta_raw,32,0.5472824080315083,0.15249266862170086
250,200.0,abs_alignment_velocity_direct,terminal_eta_shape,32,0.6989848427617184,0.2001466275659824
250,200.0,abs_alignment_velocity_direct,terminal_eta_translation,32,0.504985954170793,0.16458944281524926
250,200.0,abs_alignment_velocity_geometry,terminal_eta_raw,32,0.6416283412834662,0.14222873900293254
250,200.0,abs_alignment_velocity_geometry,terminal_eta_shape,32,0.814489887937828,0.23680351906158356
250,200.0,abs_alignment_velocity_geometry,terminal_eta_translation,32,0.59286188422773,0.15139296187683285
