Nx,M,ichoi,run_dir,mean_rel_l2,mean_rel_l1,min_rel_l2,max_rel_l2,min_rel_l1,max_rel_l1,n_test
1024,4,0,fno_Nx1024_M4_ichoi0_p5293121_ep350_gridfno_20260225_112813,0.0007720243302173913,0.000750576495192945,3.8709920772816986e-05,0.007620649877935648,3.661221489892341e-05,0.007823499850928783,1999
1024,4,1,fno_Nx1024_M4_ichoi1_p5293121_ep350_gridfno_20260225_112813,0.0015728872967883945,0.0015390421031042933,8.4826308011543e-05,0.015566983260214329,7.547422865172848e-05,0.015711549669504166,1999
1024,5,0,fno_Nx1024_M5_ichoi0_p5293121_ep350_gridfno_20260225_112813,0.0014827863778918982,0.0014141444116830826,7.448972610291094e-05,0.011643124744296074,7.330632797675207e-05,0.01052115485072136,1999
1024,5,1,fno_Nx1024_M5_ichoi1_p5293121_ep350_gridfno_20260225_112813,0.0010296364780515432,0.0009918201249092817,3.748112067114562e-05,0.013049643486738205,3.449565338087268e-05,0.012748426757752895,1999
1024,6,0,fno_Nx1024_M6_ichoi0_p5293121_ep350_gridfno_20260225_112813,0.0006990047986619174,0.0006704555707983673,5.88795701332856e-05,0.004661257844418287,5.24541137565393e-05,0.004582616034895182,1999
1024,6,1,fno_Nx1024_M6_ichoi1_p5293121_ep350_gridfno_20260225_112813,0.0012490070657804608,0.0012102273758500814,6.152327114250511e-05,0.017675286158919334,5.464266359922476e-05,0.017162783071398735,1999
1024,7,0,fno_Nx1024_M7_ichoi0_p5293121_ep350_gridfno_20260225_112813,0.0009374315268360078,0.0009021721198223531,3.415927494643256e-05,0.007973846048116684,3.109982571913861e-05,0.007893652655184269,1999
1024,7,1,fno_Nx1024_M7_ichoi1_p5293121_ep350_gridfno_20260225_112813,0.0008443447877652943,0.0008150869398377836,0.00014079171523917466,0.005106757394969463,0.00012597159366123378,0.0050230734050273895,1999
1024,8,0,fno_Nx1024_M8_ichoi0_p5293121_ep350_gridfno_20260225_112813,0.00825078971683979,0.007955237291753292,0.00028341906727291644,0.04951769858598709,0.0002717119932640344,0.046919070184230804,1999
1024,8,1,fno_Nx1024_M8_ichoi1_p5293121_ep350_gridfno_20260225_112813,0.018855653703212738,0.018496742472052574,0.0003642663068603724,0.09203135967254639,0.0003404949966352433,0.09082086384296417,1999
128,4,0,fno_Nx128_M4_ichoi0_p5293121_ep350_gridfno_20260225_112813,0.0013575126649811864,0.0013113348977640271,5.31056102772709e-05,0.02361821010708809,4.79331320093479e-05,0.023493515327572823,1999
128,4,1,fno_Nx128_M4_ichoi1_p5293121_ep350_gridfno_20260225_112813,0.0018014194210991263,0.0017074584029614925,6.1008482589386404e-05,0.02368318848311901,5.6172484619310126e-05,0.021580126136541367,1999
128,5,0,fno_Nx128_M5_ichoi0_p5293121_ep350_gridfno_20260225_112813,0.001296750153414905,0.0012562994379550219,4.552106838673353e-05,0.019238492473959923,3.9357015339192e-05,0.01914370059967041,1999
128,5,1,fno_Nx128_M5_ichoi1_p5293121_ep350_gridfno_20260225_112813,0.0014702818589285016,0.0014038222143426538,3.878104325849563e-05,0.013907439075410366,3.601464777602814e-05,0.013479847460985184,1999
128,6,0,fno_Nx128_M6_ichoi0_p5293121_ep350_gridfno_20260225_112813,0.0011877631768584251,0.0011562511790543795,6.065535490051843e-05,0.012572373263537884,5.842567406943999e-05,0.012507239356637001,1999
128,6,1,fno_Nx128_M6_ichoi1_p5293121_ep350_gridfno_20260225_112813,0.002066661836579442,0.0019795612897723913,7.871052366681397e-05,0.05158750340342522,7.006160012679175e-05,0.049565091729164124,1999
128,7,0,fno_Nx128_M7_ichoi0_p5293121_ep350_gridfno_20260225_112813,0.001072478829883039,0.0010180659592151642,5.176374543225393e-05,0.010070724412798882,4.553887993097305e-05,0.01005907729268074,1999
128,7,1,fno_Nx128_M7_ichoi1_p5293121_ep350_gridfno_20260225_112813,0.000923871819395572,0.0008773814770393074,9.162172500509769e-05,0.01140785776078701,8.32967707538046e-05,0.010521062649786472,1999
128,8,0,fno_Nx128_M8_ichoi0_p5293121_ep350_gridfno_20260225_112813,0.0010768340434879065,0.0010490930872038007,5.869162123417482e-05,0.012280086986720562,5.3287018090486526e-05,0.012222319841384888,1999
128,8,1,fno_Nx128_M8_ichoi1_p5293121_ep350_gridfno_20260225_112813,0.0011497646337375045,0.0011103333672508597,8.139638521242887e-05,0.012336485087871552,7.415177969960496e-05,0.0123707614839077,1999
256,4,0,fno_Nx256_M4_ichoi0_p5293121_ep350_gridfno_20260225_112813,0.0018933021929115057,0.0018653626320883632,3.806878157774918e-05,0.016033707186579704,3.604639641707763e-05,0.016011174768209457,1999
256,4,1,fno_Nx256_M4_ichoi1_p5293121_ep350_gridfno_20260225_112813,0.0015017470577731729,0.0014423304237425327,6.115503492765129e-05,0.02016015164554119,5.079825496068224e-05,0.019067732617259026,1999
256,5,0,fno_Nx256_M5_ichoi0_p5293121_ep350_gridfno_20260225_112813,0.0023051623720675707,0.0022801212035119534,5.9548328863456845e-05,0.03046983666718006,5.399774090619758e-05,0.030539141967892647,1999
256,5,1,fno_Nx256_M5_ichoi1_p5293121_ep350_gridfno_20260225_112813,0.0013713700463995337,0.001324766781181097,3.7759873521281406e-05,0.013089803978800774,3.4215110645163804e-05,0.012703469954431057,1999
256,6,0,fno_Nx256_M6_ichoi0_p5293121_ep350_gridfno_20260225_112813,0.0018921985756605864,0.0018686671974137425,5.3401650802697986e-05,0.01616843417286873,4.8962017899611965e-05,0.016067981719970703,1999
256,6,1,fno_Nx256_M6_ichoi1_p5293121_ep350_gridfno_20260225_112813,0.0014228436630219221,0.0013626661384478211,5.54316102352459e-05,0.01587015762925148,5.0780803576344624e-05,0.014898441731929779,1999
256,7,0,fno_Nx256_M7_ichoi0_p5293121_ep350_gridfno_20260225_112813,0.0018960355082526803,0.0018654650775715709,4.343931868788786e-05,0.021719293668866158,4.092664676136337e-05,0.02157275564968586,1999
256,7,1,fno_Nx256_M7_ichoi1_p5293121_ep350_gridfno_20260225_112813,0.0014949127798900008,0.0014234194532036781,5.225643326411955e-05,0.018911315128207207,4.981585152563639e-05,0.016825778409838676,1999
256,8,0,fno_Nx256_M8_ichoi0_p5293121_ep350_gridfno_20260225_112813,0.0017524402355775237,0.00174054189119488,4.5991338993189856e-05,0.017987383529543877,3.9478862163377926e-05,0.018152739852666855,1999
256,8,1,fno_Nx256_M8_ichoi1_p5293121_ep350_gridfno_20260225_112813,0.0016355646075680852,0.0015822750283405185,4.870353586738929e-05,0.023257266730070114,4.054310920764692e-05,0.02276698686182499,1999
512,4,0,fno_Nx512_M4_ichoi0_p5293121_ep350_gridfno_20260225_112813,0.0022617012728005648,0.0022487430833280087,3.811108763329685e-05,0.01836586371064186,3.493952681310475e-05,0.018300872296094894,1999
512,4,1,fno_Nx512_M4_ichoi1_p5293121_ep350_gridfno_20260225_112813,0.0013240546686574817,0.0012956175487488508,4.828456076211296e-05,0.014758684672415257,4.547691059997305e-05,0.014653327874839306,1999
512,5,0,fno_Nx512_M5_ichoi0_p5293121_ep350_gridfno_20260225_112813,0.001063214149326086,0.0010349772637709975,4.82893519802019e-05,0.013191474601626396,4.551724487100728e-05,0.013106465339660645,1999
512,5,1,fno_Nx512_M5_ichoi1_p5293121_ep350_gridfno_20260225_112813,0.0014574460219591856,0.0013909905683249235,4.8581532610114664e-05,0.019318802282214165,4.5015138312010095e-05,0.01834920048713684,1999
512,6,0,fno_Nx512_M6_ichoi0_p5293121_ep350_gridfno_20260225_112813,0.001047514844685793,0.001030131708830595,7.328607171075419e-05,0.010491476394236088,6.636504986090586e-05,0.01050923578441143,1999
512,6,1,fno_Nx512_M6_ichoi1_p5293121_ep350_gridfno_20260225_112813,0.0008159731514751911,0.0007479937630705535,8.078428800217807e-05,0.0070494101382792,8.166774932760745e-05,0.006248503923416138,1999
512,7,0,fno_Nx512_M7_ichoi0_p5293121_ep350_gridfno_20260225_112813,0.0011476277140900493,0.0011193176032975316,5.6006188970059156e-05,0.010175473056733608,5.2659517677966505e-05,0.010108908638358116,1999
512,7,1,fno_Nx512_M7_ichoi1_p5293121_ep350_gridfno_20260225_112813,0.0008299312903545797,0.0007889699190855026,7.16697977622971e-05,0.007909941487014294,6.442123412853107e-05,0.007602659985423088,1999
512,8,0,fno_Nx512_M8_ichoi0_p5293121_ep350_gridfno_20260225_112813,0.002433094196021557,0.0024044669698923826,3.943307456211187e-05,0.01659206859767437,3.8297188439173624e-05,0.01647808402776718,1999
512,8,1,fno_Nx512_M8_ichoi1_p5293121_ep350_gridfno_20260225_112813,0.0011128239566460252,0.001047479803673923,5.4738753533456475e-05,0.015660740435123444,4.97482942591887e-05,0.01456949207931757,1999
64,4,0,fno_Nx64_M4_ichoi0_p5293121_ep350_gridfno_20260225_112813,0.0014139710692688823,0.001341676339507103,8.777725452091545e-05,0.021931691095232964,7.335806003538892e-05,0.021158277988433838,1999
64,4,1,fno_Nx64_M4_ichoi1_p5293121_ep350_gridfno_20260225_112813,0.0013036523014307022,0.0012481387238949537,0.00015812455967534333,0.02154262363910675,0.00015277584316208959,0.020860139280557632,1999
64,5,0,fno_Nx64_M5_ichoi0_p5293121_ep350_gridfno_20260225_112813,0.001065896125510335,0.001030660467222333,0.00014521495904773474,0.013620874844491482,0.0001292933739023283,0.013825969770550728,1999
64,5,1,fno_Nx64_M5_ichoi1_p5293121_ep350_gridfno_20260225_112813,0.0012491223169490695,0.0011456338688731194,8.285739022539929e-05,0.01731116510927677,7.720603025518358e-05,0.013983318582177162,1999
64,6,0,fno_Nx64_M6_ichoi0_p5293121_ep350_gridfno_20260225_112813,0.001314811292104423,0.0012599137844517827,8.101222920231521e-05,0.0140504976734519,7.88260149420239e-05,0.013846655376255512,1999
64,6,1,fno_Nx64_M6_ichoi1_p5293121_ep350_gridfno_20260225_112813,0.001568489009514451,0.001492051756940782,0.00011082224955316633,0.023516163229942322,0.0001044750097207725,0.022473983466625214,1999
64,7,0,fno_Nx64_M7_ichoi0_p5293121_ep350_gridfno_20260225_112813,0.0014036705251783133,0.0013415042776614428,0.00010916440805885941,0.01258569024503231,9.357983799418435e-05,0.011995526030659676,1999
64,7,1,fno_Nx64_M7_ichoi1_p5293121_ep350_gridfno_20260225_112813,0.0015132627449929714,0.0014433128526434302,0.0001017845279420726,0.015625452622771263,8.907446317607537e-05,0.0157745610922575,1999
64,8,0,fno_Nx64_M8_ichoi0_p5293121_ep350_gridfno_20260225_112813,0.0015257529448717833,0.0014836892951279879,9.33303963392973e-05,0.015098133124411106,8.492371125612408e-05,0.014897232875227928,1999
64,8,1,fno_Nx64_M8_ichoi1_p5293121_ep350_gridfno_20260225_112813,0.001560586504638195,0.0015213984297588468,0.00012688722927123308,0.022739365696907043,0.00011700516188284382,0.022623075172305107,1999
